,sound1,frame1,sound2,frame2,flag,attack seq 1,attack seq2,anim speed,anim %,sound2 %
amba,,1,e1/m_prizaamba.wav,,FRAME_LOOP,,,,80,5
ambb,,1,e1/m_prizaambb.wav,,FRAME_ONCE,,,,10,20
ambc,,1,e1/m_prizaambc.wav,,FRAME_ONCE,,,,10,20
diea,e1/m_mwguarddiea.wav,1,,,FRAME_ONCE,,,,,
runa,e1/m_mwguardwalka.wav,1,e1/m_mwguardwalkb.wav,8,FRAME_ONCE,,,54,,
walka,e1/m_mwguardwalka.wav,1,e1/m_mwguardwalkb.wav,8,FRAME_ONCE,,,35,,
sighta,e1/m_prizasighta.wav,1,,,FRAME_ONCE,,,,50,
sightb,e1/m_prizasightb.wav,1,,,FRAME_ONCE,,,,25,
sightc,e1/m_prizasightc.wav,1,,,FRAME_ONCE,,,,25,
