,sound1,frame1,sound2,frame2,flag,attack seq 1,attack seq 2,anim speed
amba,e1/m_protohatcha.wav,1,,,FRAME_LOOP,,,
ambb,,1,,,FRAME_ONCE,,,
ambc,,1,,,FRAME_ONCE,,,
ataka,,1,,,FRAME_ONCE,1,,
atakb,,1,,,FRAME_ONCE,1,,
atakc,,1,,,FRAME_ONCE,1,,
atakd,,1,,,FRAME_ONCE,1,,
atake,,1,,,FRAME_ONCE,1,,
diea,,1,,,FRAME_ONCE,,,
dieb,,1,,,FRAME_ONCE,,,
hita,,1,,,FRAME_ONCE,,,
hitb,,1,,,FRAME_ONCE,,,
runa,,1,,,FRAME_ONCE,,,
jumpa,,1,,,FRAME_ONCE,,,
walka,,1,,,FRAME_ONCE,,,
sighta,,1,,,FRAME_ONCE
sightb,,1,,,FRAME_ONCE
turna,,1,,,FRAME_ONCE
turnb,,1,,,FRAME_ONCE
