,sound1,frame1,sound2,frame2,flag,attack seq ,attack seq 2,anim speed,anim %,sound2 %
amba,e1/m_thunderskeetamba.wav,1,,,FRAME_LOOP,,,,50,50
ataka,e1/m_thunderskeetataka.wav,6,global/m_clubhite.wav,,FRAME_ONCE,1,,350,,
diea,e1/m_thunderskeetdiea.wav,1,,,FRAME_ONCE,,,,,
flya,e1/m_thunderskeetflya.wav,1,e1/m_thunderskeetservo.wav,1,FRAME_ONCE,,,350,,
hita,e1/m_thunderskeethita.wav,1,,1,FRAME_ONCE,,,,,
hitb,e1/m_thunderskeethita.wav,1,e1/m_thunderskeetamba.wav,,FRAME_LOOP,,,,,
sighta,e1/m_thunderskeetsighta.wav,1,,,FRAME_ONCE,,,,,
sightb,e1/m_thunderskeetsightb.wav,1,,,FRAME_ONCE,,,,,
