,sound1,frame1,sound2,frame2,flag,attack seq 1,attack seq 2,anim speed
amba,e1/m_sludgeamba.wav,1,,,FRAME_LOOP,,,
ambb,e1/m_sludgeambb.wav,1,,,FRAME_ONCE,,,
sight,e1/m_sludgesight.wav,1,,,FRAME_ONCE,,,
ataka,e1/m_sludgeataka.wav,1,,,FRAME_ONCE,1,,160
getmud,e1/m_sludgegetmud.wav,1,,,FRAME_ONCE,,,
diea,e1/m_sludgediesa.wav,1,,,FRAME_ONCE,,,
hita,e1/m_sludgehita.wav,1,,,FRAME_ONCE,,,
walka,e1/m_sludgewalka.wav,1,e1\\m_sludgewalka.wav,15,FRAME_ONCE,,,160
sight,e1/m_sludgesight.wav,1,,,FRAME_ONCE,,,
