,model name,csv file name,health,basehealth,elasticity,mass,angle speed,size min[x],size min[y],size min[z],size max[x],size max[y],size max[z],render scale,active distance,attack distance,jump attack distance,upward velocity,run speed,walk speed,attack speed,fov,X weapon1Offset,Y weapon1Offset,Z weapon1Offset,base damage,random damage,spread x,spread z,speed,distance,X weapon2Offset,Y weapon2Offset,Z weapon2Offset,base damage,random damage,spread x,spread z,speed,distance,X weapon3Offset,Y weapon3Offset,Z weapon3Offset,base damage,random damage,spread x,spread z,speed,distance,min attenuation,max attenuation
hiro,models/global/m_hiro.dkm,sounds/hiro/m_hiro.csv,100,100,0.5,3,9 20 9,-12,-12,-24,12,12,30,1.0 1.0 1.0,,,,,,,,,,,,,,,,,,,,,,,,,,,,,,,,,,,,,
mikiko,models/global/m_mikiko.dkm,sounds/mikiko/m_mikiko.csv,100,100,0.5,2,9 20 9,-12,-12,-24,12,12,30,1.0 1.0 1.0,,,,,400,100,400,,,,,,,,,,,,,,,,,,,,,,,,,,,,,,
superfly,models/global/m_superfly.dkm,sounds/superfly/m_superfly.csv,150,150,0.5,4,9 40 9,-12,-12,-24,12,12,30,1.0 1.0 1.0,,,,,300,100,400,,,,,,,,,,,,,,,,,,,,,,,,,,,,,,
monster_froginator,models/e1/m_frog.dkm,sounds/e1/m_frog.csv,90,90,0.5,2,90 90 90,-10,-10,-10,14,14,14,0.65 0.65 0.65,1500,60,100,270,220,140,200,270,0,0,0,4,2,0,0,0,60,0,0,0,10,5,0,0,400,350,,,,,,,,,,,
monster_slaughterskeet,models/e1/m_skeeter.dkm,sounds/e1/m_skeeter.csv,100,100,0.5,10,9 18 9,-16,-16,-24,16,16,-16,1.0 1.0 1.0,1200,42,250,270,200,120,200,215,0,0,0,5,2,0,0,0,70,,,,,,,,,,,,,,,,,,,,
monster_thunderskeet,models/e1/m_tskeet.dkm,sounds/e1/m_thunderskeet.csv,60,60,0.5,3,9 13 9,-37,-37,10,37,37,90,1.0 1.0 1.0,2000,250,250,270,125,50,125,215,0,0,0,10,10,0,0,256,1024,,,,,,,,,,,,,,,,,,,,
monster_venomvermin,models/e1/m_vermin.dkm,sounds/e1/m_vermin.csv,60,60,0.5,2,9 13 9,-14,-14,-6,14,14,14,1.0 1.0 1.0,2000,400,250,250,160,60,320,215,0,0,0,5,5,0,0,0,0,0,16,16,40,0,0.064,0.024,450,400,0,16,16,40,0,0.064,0.024,450,400,,
monster_sludgeminion,models/e1/m_sludgeminion.dkm,sounds/e1/m_sludgeminion.csv,300,300,0.5,4,9 18 9,-34,-34,-39,34,34,56,1.0 1.0 1.0,2000,650,250,270,80,50,80,215,-30,45,40,20,40,0.024,0,900,650,48,45,40,20,40,0.024,0,900,650,,,,,,,,,,,
monster_prisoner,models/e1/m_priza.dkm,sounds/e1/m_priza.csv,100,100,0.5,2,9 50 9,-16,-16,-24,16,16,32,1.0 1.0 1.0,2000,250,250,270,54,35,54,180,,,,,,,,,,,,,,,,,,,,,,,,,,,,,
monster_inmater,models/e1/m_inmater.dkm,sounds/e1/m_inmater.csv,325,325,0.5,2,9 30 9,-28,-28,-36,28,28,48,1.0 1.0 1.0,1200,900,250,100,80,45,125,360,0,0,0,25,25,0,0,0,160,-24,36,32,15,5,0.064,0.064,900,800,,,,,,,,,,,
monster_trackattack,models/e1/m_tatakgun.dkm,sounds/e1/m_tatakgun.csv,200,200,0.5,2,9 9 9,-16,-16,0,16,16,30,1.0 1.0 1.0,3000,768,250,270,160,80,250,135,0,48,0,15,10,0,0,950,768,,,,,,,,,,,,,,,,,,,,
monster_lasergat,models/e1/m_gatguns.dkm,sounds/e1/m_gatguns.csv,200,200,0.5,2,9 9 9,-24,-24,-24,24,24,-16,1.0 1.0 1.0,3000,1024,250,270,250,50,250,215,-18,0,-10,15,10,0,0,950,1024,18,0,-10,15,15,0,0,950,1024,,,,,,,,,,,
monster_psyclaw,models/e1/m_psyclaw.dkm,sounds/e1/m_psyclaw.csv,200,200,0.5,2,9 13 9,-24,-24,-24,24,24,32,1.0 1.0 1.0,2000,500,250,270,240,90,240,215,0,0,0,4,4,0,0,250,128,0,16,6,10,10,0,0,250,500,,,,,,,,,,,
monster_fatworker,models/e1/m_mwfaty.dkm,sounds/e1/m_mwfaty.csv,25,25,0.5,3,9 20 9,-12,-12,-24,12,12,34,1.0 1.0 1.1,1000,64,250,270,74,35,75,220,,,,,,,,,,,,,,,,,,,,,,,,,,,,,
monster_skinnyworker,models/e1/m_mwskny.dkm,sounds/e1/m_mwskny.csv,25,25,0.5,3,9 60 9,-12,-12,-24,12,12,34,1.0 1.0 1.1,1000,64,250,270,150,35,150,220,,,,,,,,,,,,,,,,,,,,,,,,,,,,,
monster_crox,models/e1/m_croco.dkm,sounds/e1/m_croco.csv,150,150,0.5,2,9 15 9,-25,-25,-4,25,25,17,1.0 1.0 1.0,1300,72,250,270,70,43,70,270,0,32,0,15,20,0,0,0,128,,,,,,,,,,,,,,,,,,
monster_mishimaguard,models/e1/m_mwguard.dkm,sounds/e1/m_mwguard.csv,110,110,0.5,3,9 50 9,-12,-12,-24,12,12,34,1.0 1.0 1.1,2000,512,250,270,150,35,150,220,-3,16,23,5,2,0.08,0.05,0,512,,,,,,,,,,,,,,,,,,
monster_cryotech,models/e1/m_cryotech.dkm,sounds/e1/m_cryotech.csv,175,175,0.5,3,9 40 9,-13,-13,-24,13,13,34,1.0 1.0 1.0,1000,250,250,270,35,30,35,215,,,,4,10,0,0,0,256,,,,5,25,0,0,5,2000,,,,,,,,,
monster_protopod,models/e1/m_proto.dkm,sounds/e1/m_protopod.csv,250,250,0.5,2,9 23 9,-12,-12,-8,12,12,16,1.0 1.0 1.0,2000,600,250,270,250,100,250,180,-8,0,8,4,0,0.064,0.064,0,850,8,0,8,4,0,0.064,0.064,0,850,0,0,4,70,10,0.064,0,550,850
monster_battleboar,models/e1/m_bboar.dkm,sounds/e1/m_bboar.csv,250,250,0.5,2,9 23 9,-24,-24,-16,24,24,24,1.0 1.0 1.0,2000,600,250,270,250,100,250,180,-8,0,8,4,0,0.064,0.064,0,850,8,0,8,4,0,0.064,0.064,0,850,0,0,4,70,10,0.064,0,550,850
monster_deathsphere,models/e1/m_dsphere.dkm,sounds/e1/dsphere.csv,200,200,0.5,8,9 30 9,-24,-24,-10,24,24,32,1.0 1.0 1.0,3000,512,250,270,250,50,250,180,0,0,0,5,5,0.064,0.024,700,512, , ,  ,,,,,,, , , ,,,,,,
monster_ragemaster,models/e1/m_ragemaster.dkm,sounds/e1/m_ragemaster.csv,340,340,0.5,4,9 30 9,-37,-37,-36,37,37,44,1.0 1.0 1.0,2000,110,250,270,100,55,100,215,-24,16,24,20,40,0.5,0.5,0,130,24,16,24,20,40,0.024,0.5,0,130,0,16,24,20,40,0.024,0.5,0,130
monster_cambot,models/e1/m_cambot.dkm,sounds/e1/m_cambot.csv,200,200,0.5,2,9 9 9,-34,-34,-24,34,34,24,1.0 1.0 1.0,3000,64,250,270,250,50,250,215,0,46,-5,0,0,0,0,0,1024,,,,,,,,,,,,,,,,,,
monster_surgeon,models/e1/m_mwsurgeon.dkm,sounds/e1/m_mwsurgeon.csv,25,25,0.5,8,9 60 9,-12,-12,-24,12,12,34,1.0 1.0 1.1,1000,64,250,270,150,40,150,220,,,,,,,,,,,,,,,,,,,,,,,,,,,
monster_skeleton,models/e2/m_skeleton.dkm,sounds/e2/m_skeleton.csv,200,200,0.5,2,9 35 9,-16,-16,-24,16,16,28,1.0 1.0 1.0,2000,64,250,270,250,50,280,215,0,0,0,10,10,0,0,0,64,,,,,,,,,,,,,,,,,,
monster_spider,models/e2/m_spider.dkm,sounds/e2/m_spider.csv,200,200,0.5,2,9 30 9,-34,-34,-24,34,34,16,1.0 1.0 1.0,1000,80,160,270,300,50,300,315,0,0,0,10,5,0,0,0,80,,,,,,,,,,,,,,,,,,
monster_smallspider,models/e2/m_spider.dkm,sounds/e2/m_spider.csv,50,50,0.5,2,9 50 9,-8,-8,-24,8,8,-8,0.2 0.2 0.2,500,40,120,200,250,50,250,315,0,0,0,2,2,0,0,0,40,,,,,,,,,,,,,,,,,,
monster_griffon,models/e2/m_griffon.dkm,sounds/e2/m_griffon.csv,300,300,0.5,2,9 20 9,-40,-40,-24,40,40,65,1.0 1.0 1.0,4000,80,160,270,250,150,250,215,0,0,0,15,10,0,0,0,80,,,,,,,,,,,,,,,,,,
monster_harpy,models/e2/m_harpy.dkm,sounds/e2/m_harpy.csv,200,200,0.5,2,9 18 9,-20,-20,-24,20,20,40,1.0 1.0 1.0,2000,1000,160,270,250,150,250,215,12,16,24,10,20,0.032,0.012,1000,1000,12,16,24,10,20,0.032,0.012,1000,1000,,,,,,,,,
monster_minotaur,models/e2/m_minotaur.dkm,sounds/e2/m_minotaur.csv,100,100,0.5,1,9 13 9,-24,-24,-24,24,24,48,1.0 1.0 1.0,2000,250,250,270,125,50,125,215,,,,,,,,,,,,,,,,,,,,,,,,,,,
monster_ferryman,models/e2/m_ferryman.dkm,sounds/e2/m_ferryman.csv,1000,1000,0.5,2,9 13 9,-16,-16,-24,16,16,32,1.0 1.0 1.0,2000,250,250,270,125,50,125,215,,,,,,,,,,,,,,,,,,,,,,,,,,,
monster_satyr,models/e2/m_satyr.dkm,sounds/e2/m_satyr.csv,200,200,0.5,2,9 30 9,-20,-20,-24,20,20,36,1.0 1.0 1.0,1500,80,400,270,250,65,250,215,0,0,0,15,10,0,0,0,80,0,0,0,15,10,0,0,0,80,,,,,,,,,,,
monster_column,models/e2/m_column.dkm,sounds/e2/m_column.csv,1000,1000,0.5,5,9 15 9,-24,-24,-24,24,24,55,1.0 1.0 1.0,2000,108,250,270,200,100,200,215,0,0,0,25,10,0,0,0,108,,,,,,,,,,,,,,,,,,,,
monster_cyclops,models/e2/m_cyclops.dkm,sounds/e2/m_cyclops.csv,200,200,0.5,2,9 40 9,-32,-32,-24,32,32,64,1.0 1.0 1.0,2000,128,250,270,250,100,250,215,0,0,0,25,10,0,0,0,128,,,,,,,,,,,,,,,,,,,,
monster_cerberus,models/e2/m_cerebus.dkm,sounds/e2/m_cerebus.csv,300,300,0.5,2,9 30 9,-16,-16,-24,16,16,32,1.0 1.0 1.0,2000,96,250,270,250,50,250,215,0,0,0,25,10,0,0,0,96,,,,,,,,,,,,,,,,,,,,
monster_thief,models/e2/m_thief.dkm,sounds/e2/m_thief.csv,200,200,0.5,2,9 20 9,-16,-16,-24,16,16,32,1.0 1.0 1.0,2000,80,250,270,250,150,250,215,0,0,0,15,10,0,0,0,80,0,0,0,4,4,0,0,250,128,,,,,,,,,,,
monster_centurion,models/e2/m_centurion.dkm,sounds/e2/m_centurion.csv,200,200,0.5,2,9 20 9,-16,-16,-24,16,16,32,1.0 1.0 1.0,2000,700,250,270,250,150,250,215,18,-24,24,10,20,0.032,0.012,1000,700,0,0,0,7,15,0,0,0,80,,,,,,,,,,,
monster_medusa,models/e2/m_medusa.dkm,sounds/e2/m_medusa.csv,500,500,0.5,2,9 25 9,-30,-30,-24,30,30,34,1.0 1.0 1.0,2000,80,250,270,250,150,250,215,0,0,0,15,10,0,0,0,80,,,,,,,,,,,,,,,,,,,,
monster_plague_rat,models/e3/m_prat.dkm,sounds/e3/m_prat.csv,75,75,0.5,2,9 40 9,-10,-10,-24,10,10,-5,1.0 1.0 1.0,800,40,120,270,250,150,250,300,0,0,0,15,10,0,0,0,40,,,,,,,,,,,,,,,,,,,,
monster_rotworm,models/e3/m_rotworm.dkm,sounds/e3/m_rotworm.csv,75,75,0.5,2,9 20 9,-12,-12,-24,12,12,-10,1.0 1.0 1.0,800,40,250,270,250,120,250,290,0,0,0,1,0,0,0,0,40,0,0,-10,2,10,0,0,400,300,,,,,,,,,,,
monster_buboid,models/e3/m_buboid.dkm,sounds/e3/m_buboid.csv,100,100,0.5,2,9 18 9,-16,-16,-24,16,16,28,1.0 1.0 1.0,1500,40,250,270,80,30,80,180,0,0,0,15,10,0,0,0,60,,,,,,,,,,,,,,,,,,,32,1000
monster_priest,models/e3/m_priest.dkm,sounds/e3/m_priest.csv,100,100,0.5,2,9 25 9,-8,-8,-24,8,8,32,1.0 1.0 1.0,2000,250,250,270,125,50,125,215,0,0,0,0,0,0,0,0,0,,,,,,,,,,,,,,,,,,,,
monster_doombat,models/e3/m_doombat.dkm,sounds/e3/m_doombat.csv,75,75,0.5,2,65 65 9,-12,-12,-24,12,12,0,.65 .65 .65,2500,64,250,270,200,160,200,215,0,0,0,5,5,0,0,0,64,,,,,,,,,,,,,,,,,,,,
monster_lycanthir,models/e3/m_lycanthir.dkm,sounds/e3/m_lycanthir.csv,200,200,0.5,2,9 40 9,-24,-24,-24,24,24,28,1.0 1.0 1.0,2000,80,160,270,300,150,300,300,0,0,0,15,5,0,0,0,80,,,,,,,,,,,,,,,,,,,,
monster_fletcher,models/e3/m_fletcher.dkm,sounds/e3/m_fletcher.csv,150,150,0.5,2,9 25 9,-16,-16,-24,16,16,32,1.0 1.0 1.0,2000,1000,250,270,250,50,250,170,12,16,24,10,20,0.032,0.012,950,1000,,,,,,,,,,,,,,,,,,,,
monster_dwarf,models/e3/m_dwarf.dkm,sounds/e3/m_dwarf.csv,200,200,0.5,2,9 20 9,-18,-18,-24,18,18,16,1.0 1.0 1.0,1500,500,250,270,200,100,200,215,0,0,0,15,5,0,0,0,80,-16,16,16,10,20,0.032,0.012,600,500,,,,,,,,,,,
monster_dragon,models/e3/m_dragon.dkm,sounds/e3/m_dragon.csv,400,400,0.5,2,9 20 9,-40,-40,-24,40,40,90,1.0 1.0 1.0,3000,500,160,270,300,50,300,300,0,0,0,15,5,0,0,0,500,,,,,,,,,,,,,,,,,,,,
monster_garroth,models/e3/m_gharroth.dkm,sounds/e3/m_gharroth.csv,400,400,0.5,2,9 20 9,-18,-18,-24,18,18,36,1.0 1.0 1.0,1700,64,250,270,250,50,250,210,0,0,0,15,5,0,0,0,64,,,,,,,,,,,,,,,,,,,,
monster_knight1,models/e3/m_knight1.dkm,sounds/e3/m_knight1.csv,200,200,0.5,2,9 25 9,-16,-16,-24,16,16,28,1.0 1.0 1.0,2000,80,250,270,250,150,250,180,0,0,0,15,5,0,0,0,80,,,,,,,,,,,,,,,,,,,,
monster_knight2,models/e3/m_knight2.dkm,sounds/e3/m_knight2.csv,200,200,0.5,2,9 25 9,-16,-16,-24,16,16,28,1.0 1.0 1.0,2000,800,250,270,220,150,220,180,0,0,0,30,5,0,0,0,80,0,16,0,40,5,0,0,0,800,,,,,,,,,,,
monster_stavros,models/e3/m_stavros.dkm,sounds/e3/m_stavros.csv,250,250,0.5,2,9 25 9,-18,-18,-24,18,18,36,1.0 1.0 1.0,2000,250,250,270,250,120,160,215,0,0,0,15,5,0,0,0,250,,,,,,,,,,,,,,,,,,,,
monster_wizard,models/e3/m_wizard.dkm,sounds/e3/m_wizard.csv,250,250,0.5,2,9 25 9,-18,-18,-24,18,18,36,0.7 0.7 0.7,2000,250,250,270,125,50,125,215,0,0,0,15,5,0,0,0,250,,,,,,,,,,,,,,,,,,,,
monster_wyndrax,models/e3/m_wyndrax.dkm,sounds/e3/m_wyndrax.csv,250,250,0.5,2,9 25 9,-18,-18,-24,18,18,36,1.0 1.0 1.0,2000,250,250,270,125,50,125,215,0,0,0,15,5,0,0,0,250,,,,,,,,,,,,,,,,,,,,
monster_blackprisoner,models/e4/m_bpris.dkm,sounds/e4/m_bpris.csv,90,90,0.5,2,9 30 9,-16,-16,-24,16,16,34,1.0 1.0 1.0,1500,64,250,270,240,150,240,180,0,0,0,5,10,0,0,0,64,,,,,,,,,,,,,,,,,,,,
monster_whiteprisoner,models/e4/m_wpris.dkm,sounds/e4/m_wpris.csv,90,90,0.5,2,9 30 9,-16,-16,-24,16,16,34,1.0 1.0 1.0,1500,64,250,270,240,150,240,180,0,0,0,5,10,0,0,0,64,,,,,,,,,,,,,,,,,,,,
monster_femgang,models/e4/m_femgang.dkm,sounds/e4/m_femgang.csv,150,150,0.5,2,9 60 9,-16,-16,-24,16,16,32,1.0 1.0 1.0,1600,80,250,270,250,100,250,180,0,0,0,5,10,0,0,0,80,,,,,,,,,,,,,,,,,,,,
monster_rocketdude,models/e4/m_rockgang.dkm,sounds/e4/m_rockgang.csv,180,180,0.5,2,9 30 9,-16,-16,-24,16,16,32,1.0 1.0 1.0,1400,1000,250,270,250,50,250,180,12,16,39,40,10,0.064,0.032,600,1000,12,16,26,40,10,0.064,0,600,1000,12,16,26,40,10,0.064,0,600,1000,,
monster_chaingang,models/e4/m_chgang.dkm,sounds/e4/m_chgang.csv,150,150,0.5,2,9 13 9,-16,-16,-24,16,16,32,1.0 1.0 1.0,2000,768,250,270,250,120,160,200,0,0,0,1,0,0.064,0.064,0,768,,,,,,,,,,,,,,,,,,,,
monster_labmonkey,models/e4/m_labmonkey.dkm,sounds/e4/m_labmonkey.csv,150,150,0.5,2,9 150 9,-22,-22,-24,22,22,24,1.0 1.0 1.0,1500,80,250,270,200,70,200,200,0,0,0,10,20,0,0,0,96,,,,,,,,,,,,,,,,,,,32,1000
monster_sealcommando,models/e4/m_scomndo.dkm,sounds/e4/m_scomndo.csv,200,200,0.5,2,9 40 9,-16,-16,-24,16,16,32,1.0 1.0 1.0,1500,768,250,270,250,50,250,200,0,0,0,2,2,0.064,0.064,0,768,,,,,,,,,,,,,,,,,,,,
monster_sealcaptain,models/e4/m_sealcap.dkm,sounds/e4/m_sealcap.csv,200,200,0.5,2,9 40 9,-16,-16,-24,16,16,32,1.0 1.0 1.0,2000,1000,250,270,250,50,250,200,0,0,0,5,0,0,0,0,80,12,16,39,40,0,0.064,0.024,600,1000,,,,,,,,,,,
monster_sealgirl,models/e4/m_sgirl.dkm,sounds/e4/m_sgirl.csv,175,175,0.5,2,9 60 9,-16,-16,-24,16,16,32,1.0 1.0 1.0,1700,850,250,270,250,50,250,215,0,0,0,2,2,0.064,0.064,0,850,,,,,,,,,,,,,,,,,,,,
monster_shark,models/e4/m_shark.dkm,sounds/e4/m_shark.csv,150,150,0.5,2,9 20 9,-26,-26,-12,26,26,24,1.0 1.0 1.0,800,80,250,270,250,150,250,340,0,0,0,10,10,0,0,0,80,,,,,,,,,,,,,,,,,,,,
monster_uzigang,models/e4/m_uzi.dkm,sounds/e4/m_uzigng.csv,200,200,0.5,2,9 30 9,-16,-16,-24,16,16,32,1.0 1.0 1.0,1700,850,250,270,250,50,250,200,0,0,0,1,0,0.064,0.064,0,850,,,,,,,,,
monster_rocketmp,models/e4/m_rocketmp.dkm,sounds/e4/m_rocketmp.csv,200,200,0.5,2,9 30 9,-16,-16,-24,16,16,32,1.0 1.0 1.0,1700,1000,250,270,250,50,250,200,0,0,0,10,10,0,0,0,80,12,16,39,40,10,0.064,0.024,600,1000
monster_kage,models/e4/m_kage.dkm,sounds/e4/m_kage.csv,300,300,0.5,2,9 60 9,-16,-16,-24,16,16,32,1.0 1.0 1.0,2000,90,250,270,250,100,250,215,0,0,0,10,10,0,0,0,90,,,,,,,,,
monster_sdiver,models/e4/m_sdiver.dkm,models/e4/m_sdiver.csv,170,170,0.5,2,9 20 9,-16,-16,-24,16,16,32,1.0 1.0 1.0,900,80,250,270,250,100,250,180,0,0,0,10,10,0,0,0,80,,,,,,,,,


e_goldfish,models/global/e_goldfish.dkm,,170,170,0.5,2,5 5 5,-6,-6,-6,6,6,6,1.0 1.0 1.0,900,,,,10,10,10,180,,,,,,,,,,,,,,,,,,
e_guppy,models/global/e_guppy.dkm,,10,10,0.1,1,20 20 20 ,-2,-2,-2,2,2,2,1.0 1.0 1.1,900,,,,30,30,30,180,,,,,,,,,,,,,,,,,,
e_guppy2,models/global/e_guppy2.dkm,,170,170,0.5,2,20 20 20,-2,-2,-2,2,2,2,1.0 1.0 1.0,900,,,,30,30,30,180,,,,,,,,,,,,,,,,,,
e_greyfish,models/global/e_greyfish.dkm,,10,10,0.1,1,5 5 5,-6,-6,-6,6,6,6,1.0 1.0 1.0,900,,,,15,15,15,180,,,,,,,,,,,,,,,,,,
