,sound1,frame1,sound2,frame2,flag,attack seq
amba,,1,,,FRAME_LOOP,
ambb,,1,,,FRAME_ONCE,
ambc,,1,,,FRAME_ONCE,
ataka,,1,,,FRAME_ONCE,1
atakb,,1,,,FRAME_ONCE,1
atakc,,1,,,FRAME_ONCE,1
atakd,,1,,,FRAME_ONCE,1
atake,,1,,,FRAME_ONCE,1
diea,,1,,,FRAME_ONCE,
dieb,,1,,,FRAME_ONCE,
hita,,1,,,FRAME_ONCE,
hitb,,1,,,FRAME_ONCE,
runa,,1,,,FRAME_ONCE,
jumpa,,1,,,FRAME_ONCE,
walka,,1,,,FRAME_ONCE,
sighta,,1,,,FRAME_ONCE
sightb,,1,,,FRAME_ONCE
turna,,1,,,FRAME_ONCE
row,e2/m_ferrymanrow.wav,1,,,FRAME_ONCE
