,sound1,frame1,sound2,frame2,flag,attack seq 1,attack seq 2,anim speed

amba,e1/m_dsphereamba.wav,1,,,FRAME_LOOP,,,
ambb,,1,,,FRAME_ONCE,,,
ambc,,1,,,FRAME_ONCE,,,
ataka,e1/m_dsphereatak.wav,1,,,FRAME_ONCE,1,,250
atakb,,1,,,FRAME_ONCE,1,,250
atakc,,1,,,FRAME_ONCE,1,,250
atakd,,1,,,FRAME_ONCE,1,,250
atake,,1,,,FRAME_ONCE,1,,250
diea,,1,,,FRAME_ONCE,,,
dieb,,1,,,FRAME_ONCE,,,
hita,,1,,,FRAME_ONCE,,,
hitb,,1,,,FRAME_ONCE,,,
flya,e1/m_dspheresteama.wav,1,,,FRAME_ONCE,,,50
flyb,e1/m_dspheresteamb.wav,1,,,FRAME_ONCE,,,250
sighta,,1,,,FRAME_ONCE
sightb,,1,,,FRAME_ONCE
turna,,1,,,FRAME_ONCE
turnb,,1,,,FRAME_ONCE
