,sound1,frame1,sound2,frame2,flag,attack seq 1,attack seq2,anim speed,anim %,sound2 %
amba,,1,e1/m_mwguardamba.wav,,FRAME_LOOP,,,,100,2
ambb,,1,e1/m_mwguardambb.wav,,FRAME_LOOP,,,,0,5
ambc,,1,e1/m_mwguardambc.wav,,FRAME_LOOP,,,,0,5
ataka,e1/m_mwguardataka.wav,1,,,FRAME_ONCE,1,,400,,
atakb,e1/m_mwguardataka.wav,1,,,FRAME_ONCE,1,,400,,
atakc,e1/m_mwguardataka.wav,1,,,FRAME_ONCE,1,,400,,
diea,e1/m_mwguarddiea.wav,1,,,FRAME_ONCE,,,,,
runa,e1/m_mwguardwalka.wav,1,e1/m_mwguardwalkb.wav,8,FRAME_ONCE,,,400,,
runb,e1/m_mwguardwalka.wav,1,e1/m_mwguardwalkb.wav,8,FRAME_ONCE,,,400,,
runc,e1/m_mwguardwalka.wav,1,e1/m_mwguardwalkb.wav,8,FRAME_ONCE,,,400,,
jumpa,e1/m_mwguardwalka.wav,1,e1/m_mwguardwalka.wav,8,FRAME_ONCE,,,,,
walka,e1/m_mwguardwalka.wav,1,e1/m_mwguardwalkb.wav,8,FRAME_ONCE,,,35,,
reload,e1/m_mwguardreload.wav,12,,,FRAME_ONCE,,,400,,
sighta,e1/m_mwguardsighta.wav,1,,,FRAME_ONCE,1,,,20,
sightb,e1/m_mwguardsightb.wav,1,,,FRAME_ONCE,1,,,30,
sightc,e1/m_mwguardsightc.wav,1,,,FRAME_ONCE,1,,,30
sightd,e1/m_mwguardsightd.wav,1,,,FRAME_ONCE,1,,,20
