,sound1,frame1,sound2,frame2,flag,attack seq ,attack seq 2,anim speed
amba,e1/m_skeeteramba.wav,1,,,FRAME_LOOP,,,
ambb,e1/m_skeeterambb.wav,1,,,FRAME_ONCE,,,
ataka,e1/m_skeeterataka.wav,1,,,FRAME_ONCE,1,,125
atakb,e1/m_skeeteratakb.wav,1,,,FRAME_ONCE,1,,125
diea,e1/m_skeeterdiea.wav,1,,,FRAME_ONCE,,,
flya,e1/m_skeeterflya.wav,1,,,FRAME_ONCE,,,
hita,e1/m_skeeterhita.wav,1,,,FRAME_ONCE,,,
runa,e1/m_skeeterruna.wav,1,,,FRAME_ONCE,,,125
takeoffa,e1/m_skeetertakeoffa.wav,1,,,FRAME_ONCE,,,
walka,e1/m_skeeterwalka.wav,1,,,FRAME_ONCE,,,50
sighta,e1/m_skeetersighta.wav,1,,,FRAME_ONCE,,,
sightb,e1/m_skeetersightb.wav,1,,,FRAME_ONCE,,,
