,sound1,frame1,sound2,frame2,flag,attack seq
amba,e2/m_cerebusamba.wav,1,,,FRAME_LOOP,
ambb,e2/m_cerebusambb.wav,1,,,FRAME_ONCE,
ataka,e2/m_cerebusataka.wav,1,,,FRAME_ONCE,1
atakb,e2/m_cerebusatakb.wav,1,,,FRAME_ONCE,1
diea,e2/m_cerebusdiea.wav,1,,,FRAME_ONCE,
dieb,e2/m_cerebusdieb.wav,1,,,FRAME_ONCE,
hita,e2/m_cerebushita.wav,1,,,FRAME_ONCE,
runa,e2/m_cerebusruna.wav,1,,,FRAME_ONCE,
jumpa,e2/m_cerebusjumpa.wav,1,,,FRAME_ONCE,
walka,e2/m_cerebuswalka.wav,1,,,FRAME_ONCE,
sighta,e2/m_cerebussighta.wav,1,,,FRAME_ONCE,
sightb,e2/m_cerebussightb.wav,1,,,FRAME_ONCE,
