,sound1,frame1,sound2,frame2,flag,attack seq
amba,e4/m_rockgangamba.wav,1,,,FRAME_ONCE,
ambb,e4/m_rockgangambb.wav,1,,,FRAME_ONCE,
ataka,e4/m_rockgangataka.wav,15,,,FRAME_ONCE,1
atakb,e4/m_rockgangatakb.wav,15,,,FRAME_ONCE,1
diea,e4/m_rockgangdiea.wav,1,,,FRAME_ONCE,
dieb,e4/m_rockgangdieb.wav,1,,,FRAME_ONCE,
hita,e4/m_rockganghita.wav,1,,,FRAME_ONCE,
hitb,e4/m_rockganghitb.wav,1,,,FRAME_ONCE,
runa,e4/m_rockgangruna.wav,1,,,FRAME_ONCE,
walka,e4/m_rockgangwalka.wav,1,,,FRAME_ONCE,
jumpa,e4/m_rockgangjumpa.wav,1,,,FRAME_ONCE,
sighta,e4/m_rockgangsighta.wav,1,,,FRAME_ONCE,
sightb,e4/m_rockgangsighta.wav,1,,,FRAME_ONCE,
