,sound1,frame1,sound2,frame2,flag,attack seq,attack seq 2,anim speed,anim %,sound2 %
amba,,1,e4/m_chgangamba.wav,,FRAME_LOOP,,,,80,5
ambb,,1,e4/m_chgangambb.wav,,FRAME_ONCE,,,,7,30
ambc,,1,e4/m_chgangambc.wav,,FRAME_ONCE,,,,7,30
ambd,e4/m_chgangambd.wav,1,,,FRAME_ONCE,,,,3,50
ambe,,1,,,FRAME_ONCE,,,,3,
ataka,e4/m_chgangataka.wav,1,,,FRAME_ONCE,1,,160,,
atakb,e4/m_chgangataka.wav,1,,,FRAME_ONCE,1,,160,,
atakc,e4/m_chgangatakc.wav,1,,,FRAME_ONCE,1,,160,,
atakf,e4/m_chgangatakf.wav,1,,,FRAME_ONCE,1,,160,,
diea,e4/m_chgangdiea.wav,1,,,FRAME_ONCE,,,,,
dieb,e4/m_chgangdiea.wav,1,,,FRAME_ONCE,,,,,
diec,e4/m_chgangdiec.wav,1,,,FRAME_ONCE,,,,,
hita,e4/m_chganghita.wav,1,,,FRAME_ONCE,,,,,
hitb,e4/m_chganghita.wav,1,,,FRAME_ONCE,,,,,
hitc,e4/m_chganghita.wav,1,,,FRAME_ONCE,,,,,
jumpa,e4/m_chgangjumpa.wav,1,,,FRAME_ONCE,,,,
runa,e4/m_chgangruna.wav,1,,,FRAME_ONCE,,,250,
walka,e4/m_chgangwalka.wav,1,,,FRAME_ONCE,,,120,
sighta,e4/m_chgangsighta.wav,1,,,FRAME_ONCE,,,,20
sightb,e4/m_chgangsightb.wav,1,,,FRAME_ONCE,,,,20
sightc,e4/m_chgangsightc.wav,1,,,FRAME_ONCE,,,,20
sightd,e4/m_chgangsightd.wav,1,,,FRAME_ONCE,,,,5
sighte,e4/m_chgangsighte.wav,1,,,FRAME_ONCE,,,,20
sightf,e4/m_chgangsightf.wav,1,,,FRAME_ONCE,,,,5
sightg,e4/m_chgangsightg.wav,1,,,FRAME_ONCE,,,,10
flya,e4/m_chgangflya.wav,1,,,FRAME_ONCE,,,,
flyb,e4/m_chgangflya.wav,1,,,FRAME_ONCE,,,,
flyc,e4/m_chgangflya.wav,1,,,FRAME_ONCE,,,,
