,sound1,frame1,sound2,frame2,flag,attack seq
amba,e4/m_scomandoamba.wav,1,,,FRAME_LOOP,
ambb,e4/m_scomandoambb.wav,1,,,FRAME_ONCE,
ataka,e4/m_scomandoataka.wav,1,,,FRAME_ONCE,1
atakb,e4/m_scomandoatakb.wav,1,,,FRAME_ONCE,1
diea,e4/m_scomandodiea.wav,1,,,FRAME_ONCE,
dieb,e4/m_scomandodieb.wav,1,,,FRAME_ONCE,
hita,e4/m_scomandohita.wav,1,,,FRAME_ONCE,
hitb,e4/m_scomandohitb.wav,1,,,FRAME_ONCE,
runa,e4/m_rockgangwalka.wav,1,e4/m_rockgangwalkb.wav,8,FRAME_ONCE,
walka,e4/m_rockgangwalka.wav,1,e4/m_rockgangwalkb.wav,8,FRAME_ONCE,
sighta,e4/m_scomandosighta.wav,1,,,FRAME_ONCE,
sightb,e4/m_scomandosightb.wav,1,,,FRAME_ONCE,
