,sound1,frame1,sound2,frame2,flag,attack seq,attack seq,anim speed,anim %,sound2 %
amba,,1,e4/m_sdiveramba.wav,,FRAME_LOOP,,,,85,10
ambb,,1,e4/m_sdiverambb.wav,,FRAME_ONCE,,,,15,20
ataka,e4/m_sgirlatakb.wav,8,e4/m_sgirlataka.wav,20,FRAME_ONCE,1,,,,
atakb,e4/m_sgirlatakb.wav,1,,,FRAME_ONCE,1,,,,
atakc,e4/m_sgirlatakb.wav,1,,,FRAME_ONCE,1,,,,
diea,e4/m_sdiverdiea.wav,1,,,FRAME_ONCE,,,,,
dieb,e4/m_sdiverdieb.wav,1,,,FRAME_ONCE,,,,,
hita,e4/m_sdiverhita.wav,1,,,FRAME_ONCE,,,,,
hitb,e4/m_sdiverhitb.wav,1,,,FRAME_ONCE,,,,,
runa,e4/m_sdiverruna.wav,1,,,FRAME_ONCE,,,,,
walka,e4/m_sdiverwalka.wav,1,,,FRAME_ONCE,,,,,
sighta,e4/m_sdiversighta.wav,1,,,FRAME_ONCE,,,,50,
sightb,e4/m_sdiversightb.wav,1,,,FRAME_ONCE,,,,50,
