,sound1,frame1,sound2,frame2,flag,attack seq,attack seq 2,anim speed,anim %,sound2 %
amba,,1,e3/m_dragonamba.wav,,FRAME_ONCE,,,,100,10
ataka,e3/m_dragonataka.wav,1,,,FRAME_ONCE,1,,,,
atakb,e3/m_dragonatakb.wav,1,,,FRAME_ONCE,1,,,,
atakc,e3/m_dragonatakc.wav,1,,,FRAME_ONCE,1,,,,
diea,e3/m_dragondiea.wav,1,,,FRAME_ONCE,,,,,
hita,e3/m_dragonhita.wav,1,,,FRAME_ONCE,,,,,
hovera,e3/m_dragonhovera.wav,1,,,FRAME_ONCE,,,,,
walka,e3/m_dragonwalka.wav,1,,,FRAME_ONCE,,,,,
sighta,e3/m_dragonsighta.wav,1,,,FRAME_ONCE,,,,50,
sightb,e3/m_dragonsightb.wav,1,,,FRAME_ONCE,,,,50,
