,sound1,frame1,sound2,frame2,flag,attack seq,attack seq 2,anim speed,anim %,sound2 %
amba,,1,e3/m_k2amba.wav,,FRAME_LOOP,,,,90,5
ambb,,1,e3/m_k2ambb.wav,,FRAME_ONCE,,,,10,20
ataka,e3/m_k2ataka.wav,4,,,FRAME_ONCE,6,,220,,
atakb,e3/m_k2atakb.wav,10,,,FRAME_ONCE,18,,220,,
atakc,e3/m_k2atakc.wav,12,,,FRAME_ONCE,26,,220,,
diea,e3/m_k2diea.wav,1,,,FRAME_ONCE,,,,,
dieb,e3/m_k2dieb.wav,1,,,FRAME_ONCE,,,,,
hita,e3/m_k2hita.wav,1,,,FRAME_ONCE,,,,,
hitb,e3/m_k2hitb.wav,1,,,FRAME_ONCE,,,,,
runa,e3/m_k1runa.wav,1,,,FRAME_ONCE,,,220,,
walka,e3/m_k1walka.wav,1,,,FRAME_ONCE,,,150,,
sighta,e3/m_k2sighta.wav,1,,,FRAME_ONCE,,,,50,
sightb,e3/m_k2sightb.wav,1,,,FRAME_ONCE,,,,50,
dodgea,e3/m_k1runa.wav,1,,,FRAME_ONCE,,,,,
dodgeb,e3/m_k1runa.wav,1,,,FRAME_ONCE,,,,,
