,sound1,frame1,sound2,frame2,flag,attack seq,attack seq 2,anim speed,anim %,sound2 %
amba,,1,e3/m_rotamba.wav,,FRAME_LOOP,,,,100,10
ataka,e3/m_rotataka.wav,1,,,FRAME_ONCE,13,,250,,
atakb,e3/m_rotdrop.wav,1,,,FRAME_ONCE,9,,250,,
atakc,e3/m_rotprefire.wav,1,,,FRAME_ONCE,5,,250,,
diea,e3/m_rotdiea.wav,1,,,FRAME_ONCE,,,,,
hita,e3/m_rothita.wav,1,,,FRAME_ONCE,,,,,
runa,e3/m_rotruna.wav,1,,,FRAME_ONCE,,,250,,
walka,e3/m_rotwalka.wav,1,,,FRAME_ONCE,,,120,,
sighta,e3/m_rotsighta.wav,1,,,FRAME_ONCE,,,,50,
sightb,e3/m_rotsightb.wav,1,,,FRAME_ONCE,,,,50,
